<?xml version="1.0" encoding="UTF-8"?>
<DocSetNodes version="1.0">
    <TOC>
        <Node type="folder">
            <Name>MarketingCloudSDK</Name>
            <Path>index.html</Path>
			<Subnodes>
                
				
				<Node type="folder">
					<Name>Classes</Name>
					<Path>index.html</Path>
					<Subnodes>
						<NodeRef refid="1"/>
						<NodeRef refid="2"/>
						<NodeRef refid="3"/>
						
					</Subnodes>
				</Node>
				
				
                
				<Node>
					<Name>Protocols</Name>
					<Path>index.html</Path>
					<Subnodes>
						<NodeRef refid="4"/>
						<NodeRef refid="5"/>
						
					</Subnodes>
				</Node>
				
                
				<Node>
					<Name>Constants</Name>
					<Path>index.html</Path>
					<Subnodes>
						<NodeRef refid="6"/>
						
					</Subnodes>
				</Node>
				
                
			</Subnodes>
        </Node>
    </TOC>
	<Library>
		
		<Node id="1" type="file" documentType="reference">
            <Name>MarketingCloudSDK</Name>
            <Path>Classes/MarketingCloudSDK.html</Path>
            
                <Subnodes>
                <Node type="section">
                    <Path>Classes/MarketingCloudSDK.html</Path>
                    <Name>Overview</Name>
                    <Anchor>overview</Anchor>
                </Node>
                <Node type="section">
                    <Path>Classes/MarketingCloudSDK.html</Path>
                    <Name>Tasks</Name>
                    <Anchor>tasks</Anchor>
                </Node>
                
                
                
                <Node type="section">
                    <Path>Classes/MarketingCloudSDK.html</Path>
                    <Name>Instance Methods</Name>
                    <Anchor>instance_methods</Anchor>
                </Node>
                
            </Subnodes>
            
        </Node>
		<Node id="2" type="file" documentType="reference">
            <Name>MarketingCloudSDKInboxMessagesDataSource</Name>
            <Path>Classes/MarketingCloudSDKInboxMessagesDataSource.html</Path>
            
                <Subnodes>
                <Node type="section">
                    <Path>Classes/MarketingCloudSDKInboxMessagesDataSource.html</Path>
                    <Name>Overview</Name>
                    <Anchor>overview</Anchor>
                </Node>
                <Node type="section">
                    <Path>Classes/MarketingCloudSDKInboxMessagesDataSource.html</Path>
                    <Name>Tasks</Name>
                    <Anchor>tasks</Anchor>
                </Node>
                
                
                
                <Node type="section">
                    <Path>Classes/MarketingCloudSDKInboxMessagesDataSource.html</Path>
                    <Name>Instance Methods</Name>
                    <Anchor>instance_methods</Anchor>
                </Node>
                
            </Subnodes>
            
        </Node>
		<Node id="3" type="file" documentType="reference">
            <Name>MarketingCloudSDKInboxMessagesDelegate</Name>
            <Path>Classes/MarketingCloudSDKInboxMessagesDelegate.html</Path>
            
                <Subnodes>
                <Node type="section">
                    <Path>Classes/MarketingCloudSDKInboxMessagesDelegate.html</Path>
                    <Name>Overview</Name>
                    <Anchor>overview</Anchor>
                </Node>
                <Node type="section">
                    <Path>Classes/MarketingCloudSDKInboxMessagesDelegate.html</Path>
                    <Name>Tasks</Name>
                    <Anchor>tasks</Anchor>
                </Node>
                
                
                
                <Node type="section">
                    <Path>Classes/MarketingCloudSDKInboxMessagesDelegate.html</Path>
                    <Name>Instance Methods</Name>
                    <Anchor>instance_methods</Anchor>
                </Node>
                
            </Subnodes>
            
        </Node>
		
		
        <Node id="4" type="file" documentType="reference">
            <Name>MarketingCloudSDKInboxMessagesNotificationHandlerDelegate</Name>
            <Path>Protocols/MarketingCloudSDKInboxMessagesNotificationHandlerDelegate.html</Path>
            
                <Subnodes>
                <Node type="section">
                    <Path>Protocols/MarketingCloudSDKInboxMessagesNotificationHandlerDelegate.html</Path>
                    <Name>Overview</Name>
                    <Anchor>overview</Anchor>
                </Node>
                <Node type="section">
                    <Path>Protocols/MarketingCloudSDKInboxMessagesNotificationHandlerDelegate.html</Path>
                    <Name>Tasks</Name>
                    <Anchor>tasks</Anchor>
                </Node>
                
                
                
                <Node type="section">
                    <Path>Protocols/MarketingCloudSDKInboxMessagesNotificationHandlerDelegate.html</Path>
                    <Name>Instance Methods</Name>
                    <Anchor>instance_methods</Anchor>
                </Node>
                
            </Subnodes>
            
        </Node>
		<Node id="5" type="file" documentType="reference">
            <Name>MarketingCloudSDKOpenDirectMessagesNotificationHandlerDelegate</Name>
            <Path>Protocols/MarketingCloudSDKOpenDirectMessagesNotificationHandlerDelegate.html</Path>
            
                <Subnodes>
                <Node type="section">
                    <Path>Protocols/MarketingCloudSDKOpenDirectMessagesNotificationHandlerDelegate.html</Path>
                    <Name>Overview</Name>
                    <Anchor>overview</Anchor>
                </Node>
                <Node type="section">
                    <Path>Protocols/MarketingCloudSDKOpenDirectMessagesNotificationHandlerDelegate.html</Path>
                    <Name>Tasks</Name>
                    <Anchor>tasks</Anchor>
                </Node>
                
                
                
                <Node type="section">
                    <Path>Protocols/MarketingCloudSDKOpenDirectMessagesNotificationHandlerDelegate.html</Path>
                    <Name>Instance Methods</Name>
                    <Anchor>instance_methods</Anchor>
                </Node>
                
            </Subnodes>
            
        </Node>
		
        <Node id="6" type="file" documentType="reference">
            <Name>configureError</Name>
            <Path>Constants/configureError.html</Path>
            
        </Node>
		
        
	</Library>
</DocSetNodes>