<?xml version="1.0" encoding="UTF-8"?>
<Tokens version="1.0">
	<File path="Protocols/MarketingCloudSDKInboxMessagesNotificationHandlerDelegate.html">
		
		<Token>
			<TokenIdentifier>//apple_ref/occ/intf/MarketingCloudSDKInboxMessagesNotificationHandlerDelegate</TokenIdentifier>
			<Abstract type="html">Supporting protocol for CloudPage Inbox with Alert, part of the Salesforce 2016-04 release.</Abstract>
			<DeclaredIn>MarketingCloudSDK+InboxMessages.h</DeclaredIn>
            
			
			<NodeRef refid="4"/>
		</Token>
		
		
		<Token>
			<TokenIdentifier>//apple_ref/occ/intfm/MarketingCloudSDKInboxMessagesNotificationHandlerDelegate/sfmc_didReceiveInboxMessagesNotificationWithContents:</TokenIdentifier>
			<Abstract type="html">Method called when notification containing an inbox message payload is received.</Abstract>
			<DeclaredIn>MarketingCloudSDK+InboxMessages.h</DeclaredIn>
			
			<Declaration>- (void)sfmc_didReceiveInboxMessagesNotificationWithContents:(NSDictionary *_Nullable)inboxMessage</Declaration>
			<Parameters>
				<Parameter>
					<Name>inboxMessage</Name>
					<Abstract type="html">value NSDictionary representing an Inbox message</Abstract>
				</Parameter>
			</Parameters>
			
			<Anchor>//api/name/sfmc_didReceiveInboxMessagesNotificationWithContents:</Anchor>
            <NodeRef refid="4"/>
		</Token>
		
        
        
	</File>
</Tokens>